{"cameraMode":{"drawMode":0,"name":"Shaded","section":"Shading Mode"},"sceneLighting":false,"audioPlay":false,"sceneViewState":{"m_AlwaysRefresh":false,"showFog":true,"showSkybox":false,"showFlares":true,"showImageEffects":true,"showParticleSystems":true,"showVisualEffectGraphs":true,"m_FxEnabled":true},"in2DMode":false,"pivot":{"x":-0.8575654029846191,"y":1.3532276153564454,"z":-0.07853388786315918},"rotation":{"x":0.0020502882543951275,"y":-0.9958001375198364,"z":0.08866988867521286,"w":0.023012900725007058},"size":2.6702632904052736,"orthographic":false}